ordemChegada,nome,idade,destino
1,Ivory Schouthede,46,Trondheim
2,Vernen Dreghorn,44,Shuyuan Zhen
3,Carolin Booton,67,Villeneuve-d'Ascq
4,Ericha Bisset,47,Soisy-sous-Montmorency
5,Melita Biermatowicz,9,Linoan
6,Imelda Scheu,64,Aurillac
7,Filmore Josipovitz,38,Barberton
8,Salim Tomich,16,Douz
9,Sibylle Weatherhogg,51,João Alfredo
10,Sybyl Tunsley,56,Alangilanan
11,Syd Fishbourn,53,Przecław
12,Hendrik Blaker,27,Xianren
13,Kirbee Berriball,69,Autun
14,Brenna Norcutt,13,Margita
15,Dulcine Durgan,11,Minggang
16,Tymothy Topping,73,Tuburan
17,Eloisa Lorman,69,Ulaan-Ereg
18,Elwira Vermer,21,Magdalena
19,Cathe Jaycox,51,Borzytuchom
20,Cosetta Aickin,8,Gejiu
21,Dolly Durn,4,Kebonkaret
22,Arlin Wermerling,75,Žabljak
23,Sarena Nehlsen,24,Nowy Duninów
24,Letti ducarme,71,Xunhe
25,Riley Graundisson,15,Beishan
26,Eugen Gilluley,16,Yelizovo
27,Nadine Oxbie,21,Thị Trấn Tủa Chùa
28,Jenilee Kybbye,82,Byczyna
29,Hamel Jackling,44,Wuxia
30,Daune Darke,62,Ngadri
31,Bennett Aishford,23,Zhenping Chengguanzhen
32,Avis Claessens,23,Mariestad
33,Deina Etuck,60,Ban Pong
34,Jacquette Chasteau,13,Carapelhos
35,Dorey Studeart,83,Cẩm Phả Mines
36,Carolina Banfill,0,Dobratice
37,Jewel O' Hanvey,45,Cernay
38,Anton Estable,47,Ngrejo
39,Trixi Benjafield,50,Bourg-en-Bresse
40,Fayre McMichan,6,Payapa
41,Catharine Sherringham,71,Pasadena
42,Farris Shalloo,67,Saari
43,Towney Pratty,24,Bánov
44,Correy Le Gallo,21,Murça
45,Arnold Prosek,31,Ajoyani
46,Brier De Bischof,81,Krasnyy Oktyabr’
47,Alwin Swanborrow,46,Vila Nova da Baronia
48,Analiese Carneck,68,Vista Hermosa
49,Clemmy Wudeland,22,Umabay
50,Demott Loomis,74,Shihudang
51,Giffy Bolter,64,Uarini
52,Vanny Sifflett,44,Kolindrós
53,Lynnet Cromleholme,71,Camden
54,Field Davern,67,Pondokaso
55,Tate Casbon,27,Kuvshinovo
56,Sharlene Brasted,33,Książki
57,Mauricio Knyvett,65,Ottawa
58,Felicia Gabbitus,6,Voskehask
59,Bevvy Anker,74,Vantaa
60,Rodrique Novill,46,Ning’an
61,Lane Spurdon,15,San Antonio
62,Pierette Kedie,16,Baixo Guandu
63,Hobard McCosh,66,Novosemeykino
64,Roma Houseman,63,Pledo
65,Ephrem Regler,72,Córdoba
66,Stevena Larmour,74,Wanbu
67,Vonni Sammon,4,Buenavista
68,Arley Brocklebank,13,Billdal
69,Justina Wandless,30,Imām Şāḩib
70,Forster Teale,47,Cihideung Satu
71,Korey Christall,43,Matabao
72,Michal Reubens,83,Lianghe
73,Norri Yushkov,38,Malāyer
74,Lethia Tough,21,Fuxing
75,Rawley Scamp,44,Lebel-sur-Quévillon
76,Sabine MacIlurick,37,Ar Riqāmā
77,Barry Holehouse,26,Ganzi
78,Perren Balls,39,Levallois-Perret
79,Rooney Quaif,74,Évosmos
80,Carolyne Balwin,65,Paranavaí
